STATE,DISTRICT,TOTAL_ENROLLMENT,AGE_0_5,AGE_5_17,AGE_18_PLUS,RECORD_COUNT
MEGHALAYA,EAST KHASI HILLS,28812,4258,14606,9948,1332
KARNATAKA,BENGALURU URBAN,23074,12111,7167,3796,97
UTTAR PRADESH,KANPUR NAGAR,24708,11427,12606,675,2601
UTTAR PRADESH,ALIGARH,26192,13830,11776,586,2055
BIHAR,SITAMARHI,42232,20679,18856,2697,1672
UTTAR PRADESH,BAHRAICH,39338,14674,22360,2304,1585
UTTAR PRADESH,FIROZABAD,12300,7250,4926,124,1135
BIHAR,PURBI CHAMPARAN,14871,4000,10071,800,24
UTTAR PRADESH,MAHARAJGANJ,17871,6132,11265,474,1111
MAHARASHTRA,AURANGABAD,17393,12374,4874,145,2229
UTTAR PRADESH,GHAZIABAD,23070,11984,10693,393,1828
HARYANA,FARIDABAD,16155,12607,3225,323,815
BIHAR,MADHUBANI,25930,12598,12534,798,2635
RAJASTHAN,SIKAR,11400,8163,3061,176,2861
BIHAR,BHAGALPUR,21062,10456,10229,377,1782
PUNJAB,AMRITSAR,9655,7633,1775,247,1565
HARYANA,GURUGRAM,2636,1804,625,207,7
UTTAR PRADESH,GAUTAM BUDDHA NAGAR,18957,9002,9318,637,1231
DELHI,WEST DELHI,19414,14000,4405,1009,684
MADHYA PRADESH,BHIND,13967,8483,4845,639,1231
MADHYA PRADESH,GWALIOR,18542,12110,5602,830,1206
MADHYA PRADESH,KATNI,10941,8413,2410,118,925
WEST BENGAL,COOCHBEHAR,4410,2140,2087,183,10
UTTAR PRADESH,LUCKNOW,25514,13739,11321,454,2933
WEST BENGAL,DINAJPUR UTTAR,11671,6478,4859,334,11
ASSAM,MARIGAON,10487,6735,2928,824,798
ASSAM,KOKRAJHAR,4609,2519,1572,518,754
UTTAR PRADESH,AGRA,29910,16314,12691,905,1979
UTTARAKHAND,HARIDWAR,5955,4688,1215,52,1086
ASSAM,NAGAON,12873,9002,3478,393,1784
MAHARASHTRA,PARBHANI,6272,5062,1011,199,1038
MEGHALAYA,WEST KHASI HILLS,15898,2410,8178,5310,153
DELHI,NORTH WEST DELHI,16043,12395,3293,355,1194
MEGHALAYA,WEST JAINTIA HILLS,11816,2382,5636,3798,241
UTTAR PRADESH,UNNAO,19148,9838,8943,367,1501
UTTAR PRADESH,SAHARANPUR,19166,13708,5359,99,1253
ASSAM,DIBRUGARH,7062,3895,1675,1492,1086
ASSAM,UDALGURI,4565,2658,1322,585,938
ASSAM,CHIRANG,3348,2013,1071,264,513
ASSAM,KAMRUP,13666,9311,3370,985,1830
ASSAM,DHUBRI,12646,8432,3849,365,1307
UTTAR PRADESH,JAUNPUR,15853,5400,10237,216,2689
MAHARASHTRA,THANE,43688,29092,13629,967,4236
ASSAM,DHEMAJI,6901,3864,1846,1191,609
GUJARAT,BANAS KANTHA,13498,5997,6719,782,152
ASSAM,TINSUKIA,8384,3884,2867,1633,1199
ANDHRA PRADESH,SPSR NELLORE,2183,1167,713,303,16
ASSAM,BARPETA,14383,10545,3306,532,1280
ASSAM,SONITPUR,9197,5501,2723,973,1754
ASSAM,BAKSA,3699,2120,1179,400,725
PUNJAB,LUDHIANA,17614,12209,4573,832,2351
GUJARAT,PATAN,8967,6023,2228,716,961
TAMIL NADU,KANCHIPURAM,387,277,89,21,4
BIHAR,PATNA,24644,6745,17151,748,3390
ASSAM,LAKHIMPUR,7199,4726,1825,648,906
ASSAM,BONGAIGAON,3175,2324,626,225,614
GUJARAT,VADODARA,12284,9306,2433,545,3185
UTTARAKHAND,NAINITAL,3951,3417,458,76,758
UTTARAKHAND,DEHRADUN,9485,7797,1554,134,1521
ASSAM,HOJAI,7050,5288,1607,155,591
GUJARAT,DOHAD,13003,5003,7330,670,541
GUJARAT,MORBI,8004,5548,1803,653,495
CHHATTISGARH,RAIPUR,7041,6205,779,57,1442
UTTAR PRADESH,GORAKHPUR,19969,7454,12090,425,2555
UTTAR PRADESH,BULANDSHAHR,16885,9155,7521,209,2190
UTTAR PRADESH,MATHURA,11746,5851,5766,129,1699
BIHAR,PASHCHIM CHAMPARAN,16359,5060,10737,562,81
CHHATTISGARH,BIJAPUR,6724,3601,1761,1362,341
JHARKHAND,DEOGHAR,8324,4518,3679,127,945
BIHAR,MUZAFFARPUR,28855,14087,14103,665,2966
UTTAR PRADESH,BANDA,10591,4825,5563,203,738
GUJARAT,KACHCHH,9302,6176,2605,521,1779
MEGHALAYA,RI BHOI,9308,1338,4598,3372,370
ASSAM,DARRANG,7595,4390,1914,1291,803
MADHYA PRADESH,ASHOK NAGAR,5178,3726,1285,167,436
WEST BENGAL,DARJEELING,7319,3967,2579,773,1663
ASSAM,NORTH CACHAR HILLS,1058,501,420,137,232
JHARKHAND,RANCHI,14265,9318,4613,334,1824
GUJARAT,SURAT,25469,18412,6399,658,2969
MAHARASHTRA,NANDED,11947,9164,2447,336,2044
KARNATAKA,BENGALURU,30980,20441,6732,3807,5305
ASSAM,JORHAT,4887,2905,1122,860,1170
GUJARAT,GIR SOMNATH,5723,4375,975,373,757
ASSAM,KAMRUP METRO,6046,2654,2055,1337,1711
ASSAM,GOALPARA,9898,6881,2220,797,741
GUJARAT,BHAVNAGAR,10174,8420,1309,445,1852
ASSAM,GOLAGHAT,11505,5537,4047,1921,1008
MAHARASHTRA,NAGPUR,11828,10093,1502,233,3043
WEST BENGAL,COOCH BEHAR,10728,7262,3220,246,1979
MAHARASHTRA,JALGAON,13260,10454,2579,227,2836
MAHARASHTRA,HINGOLI,8189,6359,1457,373,561
MAHARASHTRA,AHMADNAGAR,11836,9369,2338,129,3723
GUJARAT,GANDHINAGAR,5650,4075,837,738,1208
WEST BENGAL,NORTH 24 PARGANAS,28606,21517,5741,1348,6488
BIHAR,MUNGER,6087,2445,3534,108,660
NAGALAND,KOHIMA,1621,562,952,107,245
RAJASTHAN,JALOR,13991,7882,5875,234,1313
GUJARAT,KHEDA,7567,5826,1224,517,2000
ASSAM,NALBARI,3881,2709,977,195,1097
MAHARASHTRA,PALGHAR,10699,7343,3191,165,1646
RAJASTHAN,JODHPUR,22215,14563,6724,928,2471
DELHI,CENTRAL DELHI,3947,2761,993,193,486
BIHAR,GAYA,27401,6722,20244,435,2095
GUJARAT,SABARKANTHA,5115,3603,1173,339,1686
NAGALAND,DIMAPUR,3196,1118,1802,276,293
ASSAM,CACHAR,17514,11474,4513,1527,2581
GUJARAT,BANASKANTHA,17360,9944,5781,1635,1576
UTTAR PRADESH,KHERI,24578,11282,12841,455,1816
GUJARAT,RAJKOT,17070,12419,3732,919,2052
MAHARASHTRA,SATARA,6021,5148,717,156,2369
MADHYA PRADESH,BETUL,8166,6829,1207,130,1162
ASSAM,WEST KARBI ANGLONG,1884,390,987,507,157
DELHI,SOUTH DELHI,13395,10138,2780,477,1309
MAHARASHTRA,RAIGAD,3433,2585,743,105,952
WEST BENGAL,UTTAR DINAJPUR,26892,18397,8127,368,1430
MADHYA PRADESH,GUNA,9811,7496,2249,66,826
BIHAR,KAIMUR (BHABUA),7825,3033,4707,85,689
RAJASTHAN,DHOLPUR,8580,5719,2711,150,865
MANIPUR,CHURACHANDPUR,4638,1256,3274,108,328
BIHAR,WEST CHAMPARAN,30438,11585,18070,783,1277
GUJARAT,BHARUCH,4351,3745,508,98,1349
WEST BENGAL,JHARGRAM,962,741,171,50,527
MADHYA PRADESH,KHARGONE,15039,9870,4663,506,1087
GUJARAT,CHHOTAUDEPUR,4107,2215,1303,589,534
MAHARASHTRA,MUMBAI SUBURBAN,18216,12480,4946,790,2911
ASSAM,HAILAKANDI,5578,3826,1441,311,816
GUJARAT,PANCHMAHALS,6279,4828,1122,329,1206
ASSAM,SOUTH SALMARA MANKACHAR,1472,1062,364,46,245
UTTAR PRADESH,BUDAUN,15529,7773,7407,349,1407
UTTAR PRADESH,KANPUR DEHAT,8017,4032,3802,183,1169
GUJARAT,PORBANDAR,2519,2006,332,181,532
MEGHALAYA,WEST GARO HILLS,15875,4545,6790,4540,496
PUNJAB,KAPURTHALA,3726,2067,446,1213,638
MEGHALAYA,SOUTH GARO HILLS,4441,568,2427,1446,229
RAJASTHAN,NAGAUR,17267,11618,5441,208,2672
KARNATAKA,MYSURU,4361,3650,463,248,1714
GUJARAT,MAHESANA,6490,5289,908,293,1618
RAJASTHAN,CHURU,12780,7888,4732,160,1519
TELANGANA,HYDERABAD,25990,19721,5600,669,3108
TAMIL NADU,KANCHEEPURAM,13050,9629,3354,67,4421
UTTAR PRADESH,VARANASI,23334,9479,13404,451,2125
JHARKHAND,LOHARDAGA,2959,1984,919,56,322
MEGHALAYA,NORTH GARO HILLS,3069,457,1854,758,216
MADHYA PRADESH,CHHATARPUR,17836,11504,5965,367,1309
WEST BENGAL,NADIA,17716,13249,3624,843,3783
BIHAR,PURNIA,20100,12195,7721,184,1589
HARYANA,GURGAON,6861,5417,1247,197,1275
ASSAM,CHARAIDEO,1189,659,336,194,354
RAJASTHAN,JAIPUR,31146,21436,8976,734,4670
BIHAR,SARAN,24218,7592,16407,219,3104
MADHYA PRADESH,MORENA,22381,14064,7647,670,805
MADHYA PRADESH,DHAR,12712,8734,3553,425,1030
GUJARAT,DAHOD,10509,5341,3891,1277,920
GUJARAT,DEVBHUMI DWARKA,2490,1845,422,223,585
BIHAR,EAST CHAMPARAN,29323,10147,18371,805,2526
GUJARAT,TAPI,2212,1856,205,151,778
UTTAR PRADESH,BAGHPAT,6839,3482,3203,154,957
UTTAR PRADESH,FATEHPUR,12333,6526,5582,225,1538
MEGHALAYA,SOUTH WEST KHASI HILLS,3446,789,1543,1114,172
KARNATAKA,YADGIR,6947,5420,1416,111,1634
MAHARASHTRA,NANDURBAR,10516,7649,2630,237,1159
UTTAR PRADESH,ETAWAH,7154,4173,2865,116,964
WEST BENGAL,JALPAIGURI,10654,5674,4442,538,2874
MADHYA PRADESH,JABALPUR,12467,10653,1713,101,1409
UTTAR PRADESH,SHAMLI,8200,5530,2613,57,643
ASSAM,SIBSAGAR,2737,1561,514,662,830
MADHYA PRADESH,BARWANI,21823,12801,8355,667,589
GUJARAT,BOTAD,2947,2302,474,171,418
GUJARAT,JUNAGADH,5536,4876,568,92,1856
UTTAR PRADESH,BALRAMPUR,12324,4181,7907,236,962
UTTAR PRADESH,BARA BANKI,9086,5776,3218,92,2090
MADHYA PRADESH,SHIVPURI,12741,7127,4867,747,1089
MAHARASHTRA,BEED,10185,7454,2461,270,1400
UTTAR PRADESH,SHAHJAHANPUR,24291,12811,11033,447,1112
GUJARAT,JAMNAGAR,6078,4998,799,281,1683
MAHARASHTRA,CHANDRAPUR,4475,4014,375,86,1275
CHHATTISGARH,DURG,4095,3528,520,47,1034
TELANGANA,K.V. RANGAREDDY,17409,13564,3681,164,4532
RAJASTHAN,SIROHI,10732,5500,4853,379,1076
WEST BENGAL,ALIPURDUAR,3673,1521,1714,438,616
DELHI,SOUTH WEST DELHI,9255,6951,1945,359,1384
UTTAR PRADESH,GONDA,15267,7445,7494,328,2058
MEGHALAYA,EAST JAINTIA HILLS,5133,983,2354,1796,140
UTTAR PRADESH,BAREILLY,27811,17187,10017,607,1597
RAJASTHAN,BUNDI,4872,3414,1334,124,934
MAHARASHTRA,SOLAPUR,12292,9537,2495,260,2994
UTTAR PRADESH,SITAPUR,30854,16237,13869,748,1720
JHARKHAND,DUMKA,5825,2743,2996,86,1118
UTTAR PRADESH,SULTANPUR,11434,5465,5837,132,1801
ASSAM,KARBI ANGLONG,8107,2918,4107,1082,927
RAJASTHAN,BIKANER,13283,7464,5620,199,1539
NAGALAND,PHEK,1043,309,695,39,188
MADHYA PRADESH,RAISEN,7567,6215,1230,122,1081
UTTAR PRADESH,SHRAWASTI,5117,1816,3151,150,685
DELHI,EAST DELHI,10736,8055,2458,223,569
MADHYA PRADESH,JHABUA,13488,6586,6570,332,572
TRIPURA,UNAKOTI,639,433,179,27,307
MADHYA PRADESH,INDORE,22303,16685,5009,609,1828
MADHYA PRADESH,BHOPAL,12862,11256,1452,154,1645
RAJASTHAN,DUNGARPUR,6571,3869,2649,53,1464
UTTAR PRADESH,CHANDAULI,9566,4405,4986,175,1089
RAJASTHAN,BHARATPUR,17054,10236,6643,175,2081
UTTAR PRADESH,MAINPURI,11726,5056,6483,187,1169
JHARKHAND,GODDA,5390,3238,2135,17,673
UTTAR PRADESH,MUZAFFARNAGAR,11949,7250,4575,124,1434
UTTAR PRADESH,SIDDHARTHNAGAR,14013,4875,8739,399,1208
MADHYA PRADESH,DATIA,5843,3995,1805,43,579
TRIPURA,WEST TRIPURA,2802,1963,764,75,1051
TELANGANA,MEDCHAL-MALKAJGIRI,4070,3064,900,106,1209
MADHYA PRADESH,SAGAR,13841,11572,1882,387,1597
MADHYA PRADESH,SHEOPUR,7230,3765,3326,139,343
GUJARAT,ARVALLI,2391,1952,322,117,665
GUJARAT,SURENDRA NAGAR,6855,4853,1665,337,1498
WEST BENGAL,MALDA,15830,11789,3957,84,2068
GUJARAT,AMRELI,4293,3460,587,246,1202
RAJASTHAN,ALWAR,23383,15764,7314,305,2720
UTTAR PRADESH,AMBEDKAR NAGAR,8002,3856,4096,50,1743
TAMIL NADU,MADURAI,9938,8875,1024,39,2904
UTTAR PRADESH,PILIBHIT,13635,8791,4631,213,575
MIZORAM,CHAMPHAI,1165,805,269,91,176
GUJARAT,VALSAD,7448,5818,1406,224,1281
JHARKHAND,PAKUR,6924,3971,2908,45,388
BIHAR,VAISHALI,18007,8257,9698,52,2287
MADHYA PRADESH,VIDISHA,10374,7998,2206,170,753
ASSAM,KARIMGANJ,14833,9336,4903,594,1561
ASSAM,BISWANATH,1329,789,464,76,501
MADHYA PRADESH,BURHANPUR,9689,6542,2759,388,282
UTTAR PRADESH,KAUSHAMBI,7463,4356,3038,69,867
MAHARASHTRA,PUNE,31763,24088,6536,1139,6663
JAMMU AND KASHMIR,PUNCH,2629,2064,548,17,277
BIHAR,JEHANABAD,4883,915,3827,141,1067
UTTAR PRADESH,JALAUN,5557,2791,2641,125,1059
UTTAR PRADESH,ETAH,11264,6760,4345,159,846
UTTAR PRADESH,MEERUT,24027,14177,9598,252,1471
RAJASTHAN,BARAN,6267,4532,1658,77,827
PUNJAB,SANGRUR,2329,2087,203,39,730
RAJASTHAN,KARAULI,8636,5857,2670,109,1420
GUJARAT,ANAND,6980,5616,828,536,2001
NAGALAND,LONGLENG,889,205,636,48,68
CHANDIGARH,CHANDIGARH,2720,2473,211,36,856
BIHAR,JAMUI,10382,5193,5029,160,794
SIKKIM,SOUTH SIKKIM,459,187,247,25,100
MADHYA PRADESH,PANNA,9339,6807,2404,128,719
MEGHALAYA,EAST GARO HILLS,6052,1012,3366,1674,182
RAJASTHAN,JHALAWAR,7036,4978,2002,56,1132
DELHI,SHAHDARA,1700,1121,515,64,201
KARNATAKA,KALABURAGI,4782,4096,602,84,1596
TAMIL NADU,THANJAVUR,7372,5881,1471,20,3674
NAGALAND,PEREN,1454,511,843,100,95
NAGALAND,TUENSANG,1579,512,983,84,163
GUJARAT,MAHISAGAR,2563,2036,397,130,626
PUNJAB,HOSHIARPUR,4134,3515,401,218,1373
NAGALAND,NOKLAK,354,70,246,38,58
CHHATTISGARH,SUKMA,2179,1256,804,119,240
MADHYA PRADESH,KHANDWA,4521,3207,1232,82,805
RAJASTHAN,AJMER,12135,9200,2787,148,2528
SIKKIM,WEST SIKKIM,501,206,256,39,103
MAHARASHTRA,LATUR,7607,5828,1631,148,1361
UTTAR PRADESH,BASTI,10119,4823,5216,80,1616
MADHYA PRADESH,SATNA,13276,11198,1946,132,1603
PUNJAB,GURDASPUR,5120,4436,558,126,1360
JHARKHAND,HAZARIBAGH,6204,4125,2048,31,1177
UTTAR PRADESH,AZAMGARH,20573,6717,13577,279,2967
RAJASTHAN,UDAIPUR,14906,8641,6073,192,2369
WEST BENGAL,KOLKATA,10362,5028,4611,723,2974
UTTAR PRADESH,RAMPUR,20110,12051,7757,302,604
GUJARAT,THE DANGS,1328,1068,186,74,223
JHARKHAND,EAST SINGHBHUM,8191,5983,2109,99,1440
MADHYA PRADESH,ALIRAJPUR,7010,3251,3390,369,429
PUNJAB,SAS NAGAR (MOHALI),2953,2398,493,62,996
MEGHALAYA,SOUTH WEST GARO HILLS,4956,2417,1656,883,178
UTTAR PRADESH,MORADABAD,21545,15196,6131,218,1037
RAJASTHAN,KOTA,7525,5545,1876,104,1681
MADHYA PRADESH,DEWAS,10442,8393,1958,91,862
GUJARAT,NAVSARI,2757,2453,201,103,939
NAGALAND,CHUMUKEDIMA,184,37,97,50,71
GUJARAT,AHMEDABAD,19130,12844,5679,607,3956
ODISHA,NABARANGAPUR,6232,4175,1992,65,924
RAJASTHAN,PALI,9114,6300,2696,118,2297
UTTAR PRADESH,AMROHA,8142,5605,2476,61,813
MIZORAM,SAIHA,657,374,181,102,107
WEST BENGAL,DAKSHIN DINAJPUR,6526,5358,1069,99,1066
UTTAR PRADESH,BIJNOR,16851,12935,3843,73,1750
TAMIL NADU,PUDUKKOTTAI,7045,5339,1670,36,2450
KARNATAKA,BANGALORE RURAL,2644,2251,267,126,742
WEST BENGAL,KALIMPONG,513,176,184,153,147
UTTAR PRADESH,DEORIA,10257,4700,5443,114,1680
JAMMU AND KASHMIR,BARAMULA,3747,3155,528,64,759
BIHAR,GOPALGANJ,15148,5303,9649,196,1347
UTTAR PRADESH,PRAYAGRAJ,2865,1428,1255,182,1025
UTTAR PRADESH,LALITPUR,4753,3376,1305,72,676
HARYANA,MEWAT,7558,6989,550,19,429
UTTAR PRADESH,HAPUR,7262,4450,2771,41,453
JAMMU AND KASHMIR,JAMMU,4558,3697,825,36,1756
MANIPUR,BISHNUPUR,1117,516,559,42,190
BIHAR,SAHARSA,13063,6281,6577,205,1093
BIHAR,ARWAL,3866,812,3020,34,582
UTTAR PRADESH,HATHRAS,6493,3815,2596,82,905
MIZORAM,LAWNGTLAI,1642,1164,381,97,178
MAHARASHTRA,NASHIK,22368,16262,5802,304,3739
MAHARASHTRA,YAVATMAL,7594,6054,1339,201,1591
TAMIL NADU,CUDDALORE,8630,7493,1093,44,3245
KERALA,KOLLAM,5069,3814,1042,213,3073
PUNJAB,PATIALA,5150,4298,769,83,916
BIHAR,KATIHAR,16350,11332,4903,115,1378
KERALA,MALAPPURAM,14567,10205,4116,246,4700
WEST BENGAL,BIRBHUM,15509,13361,2041,107,2430
BIHAR,SIWAN,15311,6149,9025,137,2492
MAHARASHTRA,DHULE,12605,7244,4842,519,1484
CHHATTISGARH,BALODA BAZAR,4944,4349,562,33,1023
MAHARASHTRA,WASHIM,3386,3041,300,45,652
TAMIL NADU,COIMBATORE,8986,7139,1804,43,4092
MIZORAM,LUNGLEI,726,541,116,69,187
MANIPUR,IMPHAL WEST,1236,645,559,32,509
UTTAR PRADESH,KUSHINAGAR,10611,4449,6132,30,1236
KERALA,THIRUVANANTHAPURAM,6663,4836,1394,433,3709
MAHARASHTRA,SANGLI,7632,5697,1802,133,2113
GUJARAT,AHMADABAD,6667,4105,2322,240,719
BIHAR,LAKHISARAI,6155,2664,3423,68,522
KARNATAKA,BENGALURU RURAL,2790,1439,730,621,10
WEST BENGAL,24 PARAGANAS NORTH,6147,3177,2458,512,31
ASSAM,DIMA HASAO,250,119,103,28,30
BIHAR,BANKA,11074,6198,4797,79,1372
TAMIL NADU,SALEM,10249,8417,1608,224,4058
THE DADRA AND NAGAR HAVELI AND DAMAN AND DIU,DADRA AND NAGAR HAVELI,716,548,141,27,2
GUJARAT,DANG,872,531,179,162,4
HARYANA,KAITHAL,2991,2894,85,12,602
TAMIL NADU,VELLORE,9633,8271,1309,53,4102
UTTAR PRADESH,SHRAVASTI,2535,867,1570,98,4
BIHAR,NALANDA,14575,3676,10763,136,1718
RAJASTHAN,JAISALMER,2854,1683,1120,51,589
TAMIL NADU,KALLAKURICHI,1064,877,149,38,593
UTTAR PRADESH,FARRUKHABAD,5870,2844,2944,82,1269
WEST BENGAL,MEDINIPUR WEST,645,325,300,20,2
BIHAR,ARARIA,15579,9939,5515,125,1091
HARYANA,SONIPAT,4619,4314,268,37,1102
JHARKHAND,CHATRA,6302,3448,2819,35,448
CHHATTISGARH,GAURELLA PENDRA MARWAHI,983,623,290,70,3
ANDHRA PRADESH,VISAKHAPATANAM,226,186,28,12,1
MAHARASHTRA,BULDHANA,7084,5849,1093,142,1553
MAHARASHTRA,AMRAVATI,6915,5783,1025,107,1902
UTTAR PRADESH,HARDOI,25193,12591,12290,312,1624
TRIPURA,DHALAI,1420,777,607,36,427
KERALA,ERNAKULAM,6324,4185,1807,332,3558
DELHI,NEW DELHI,1637,918,502,217,107
RAJASTHAN,BHILWARA,11083,7865,3035,183,1932
TAMIL NADU,RAMANATHAPURAM,4005,3318,644,43,2027
NAGALAND,MON,2223,618,1434,171,240
KARNATAKA,RAICHUR,9779,7619,2056,104,1788
DELHI,NORTH DELHI,4459,3148,1230,81,291
HARYANA,ROHTAK,3413,3161,191,61,740
JHARKHAND,GUMLA,6701,4083,2524,94,960
RAJASTHAN,BARMER,15851,10522,5233,96,1742
HARYANA,KURUKSHETRA,2404,2315,78,11,626
HARYANA,NUH,1506,1251,213,42,2
MADHYA PRADESH,ASHOKNAGAR,3011,1594,1323,94,5
KERALA,THRISSUR,7071,4914,1672,485,4197
PUNJAB,S.A.S NAGAR,705,493,164,48,2
DELHI,NORTH EAST DELHI,12113,8299,3749,65,309
WEST BENGAL,PURBA BARDHAMAN,3041,2523,390,128,1713
HARYANA,AMBALA,3218,3063,122,33,796
HARYANA,PANIPAT,6088,5498,543,47,593
BIHAR,DARBHANGA,15765,10017,5677,71,2429
UTTAR PRADESH,AYODHYA,1693,1027,634,32,675
JHARKHAND,KHUNTI,2644,1426,1173,45,432
TELANGANA,MEDCHAL MALKAJGIRI,704,409,265,30,2
ASSAM,SIVASAGAR,422,204,113,105,4
HARYANA,HISAR,5234,4927,289,18,909
TAMIL NADU,SIVAGANGA,4446,3740,685,21,2146
UTTAR PRADESH,SIDDHARTH NAGAR,4341,1603,2586,152,6
ARUNACHAL PRADESH,WEST KAMENG,278,157,103,18,127
HIMACHAL PRADESH,KULLU,1239,1022,111,106,656
CHHATTISGARH,BALRAMPUR,6190,4593,1528,69,479
ODISHA,KHORDHA,1222,1014,195,13,872
MEGHALAYA,KAMRUP,143,13,71,59,1
UTTAR PRADESH,BARABANKI,2375,1401,922,52,345
TAMIL NADU,CHENGALPATTU,1253,862,319,72,686
MAHARASHTRA,AHMEDNAGAR,368,182,158,28,2
RAJASTHAN,JALORE,494,298,183,13,5
BIHAR,NAWADA,15413,2742,12380,291,1442
WEST BENGAL,HOOGHLY,15358,11154,3862,342,4475
WEST BENGAL,24 PARAGANAS SOUTH,490,364,104,22,1
TAMIL NADU,CHENNAI,10043,7686,2159,198,3300
GUJARAT,SURENDRANAGAR,1442,771,593,78,115
MAHARASHTRA,MUMBAI,14552,10594,3881,77,4183
ODISHA,NABARANGPUR,442,327,103,12,1
GUJARAT,SABAR KANTHA,2437,1083,1197,157,140
KARNATAKA,RAMANAGARA,204,168,24,12,1
NAGALAND,WOKHA,558,118,410,30,87
JHARKHAND,WEST SINGHBHUM,6848,4211,2589,48,812
TRIPURA,SEPAHIJALA,1728,1121,577,30,282
BIHAR,SAMASTIPUR,19207,11289,7787,131,2481
NAGALAND,ZUNHEBOTO,761,131,583,47,151
JHARKHAND,EAST SINGHBUM,1447,848,546,53,4
UTTAR PRADESH,SAMBHAL,8677,4744,3816,117,1114
RAJASTHAN,CHITTORGARH,5986,3698,2160,128,1396
GUJARAT,PANCH MAHALS,1402,858,444,100,71
KARNATAKA,BIDAR,4920,3960,896,64,1347
RAJASTHAN,TONK,5915,4198,1656,61,930
ARUNACHAL PRADESH,LONGDING,897,141,719,37,78
UTTAR PRADESH,JHANSI,7160,4570,2519,71,1267
WEST BENGAL,HOWRAH,11410,8139,3125,146,2380
CHHATTISGARH,RAIGARH,4956,4294,625,37,820
JHARKHAND,GIRIDIH,14303,7695,6526,82,1250
MAHARASHTRA,AKOLA,4708,3966,693,49,1186
GOA,NORTH GOA,1354,1109,146,99,888
KARNATAKA,VIJAYAPURA,5596,4662,842,92,1944
BIHAR,BEGUSARAI,13209,8106,5045,58,1746
TELANGANA,RANGA REDDY,284,181,93,10,1
TAMIL NADU,THIRUVALLUR,605,461,134,10,223
TELANGANA,BHADRADRI KOTHAGUDEM,3211,2490,682,39,909
RAJASTHAN,HANUMANGARH,4940,3628,1271,41,935
KERALA,KANNUR,5965,4013,1722,230,3179
PUNJAB,TARN TARAN,2939,2646,273,20,1035
ASSAM,MAJULI,515,347,157,11,146
MADHYA PRADESH,BALAGHAT,6805,6237,540,28,1229
NAGALAND,KIPHIRE,908,163,693,52,75
WEST BENGAL,DINAJPUR DAKSHIN,997,707,256,34,2
MADHYA PRADESH,EAST NIMAR,3859,2338,1500,21,780
MAHARASHTRA,OSMANABAD,4026,3303,713,10,1160
JHARKHAND,DHANBAD,11031,6878,4061,92,2150
UTTAR PRADESH,KASGANJ,6341,3206,2977,158,717
JAMMU AND KASHMIR,SHOPIAN,412,308,84,20,1
MADHYA PRADESH,SEHORE,6518,5155,1308,55,924
UTTAR PRADESH,KANNAUJ,6638,3083,3455,100,1056
MADHYA PRADESH,NARSINGHPUR,5174,3860,1222,92,949
CHHATTISGARH,BILASPUR,8941,7490,1432,19,1340
MIZORAM,KOLASIB,275,189,51,35,124
RAJASTHAN,SAWAI MADHOPUR,6744,4575,2083,86,1381
TRIPURA,NORTH TRIPURA,1488,1046,416,26,577
UTTAR PRADESH,KUSHI NAGAR,1570,779,777,14,1
ANDHRA PRADESH,PRAKASAM,7623,6405,1157,61,3670
BIHAR,BHOJPUR,13357,3136,10115,106,2309
MADHYA PRADESH,HOSHANGABAD,5982,5158,812,12,771
JAMMU AND KASHMIR,DODA,4502,3447,1023,32,614
NAGALAND,MOKOKCHUNG,490,132,315,43,154
TRIPURA,GOMATI,679,464,204,11,255
ANDHRA PRADESH,KRISHNA,6737,6163,540,34,3466
ANDHRA PRADESH,KURNOOL,11770,10923,823,24,3906
ANDHRA PRADESH,MAHABUB NAGAR,1511,1079,432,0,934
ANDHRA PRADESH,MAHBUBNAGAR,722,511,211,0,547
ANDHRA PRADESH,MEDAK,1406,1176,229,1,937
ANDHRA PRADESH,N. T. R,933,790,97,46,665
ANDHRA PRADESH,NALGONDA,1167,951,216,0,853
ANDHRA PRADESH,NANDYAL,905,860,39,6,644
ANDHRA PRADESH,NELLORE,5367,4611,754,2,2721
ANDHRA PRADESH,PALNADU,860,759,76,25,604
ANDHRA PRADESH,RANGAREDDI,1884,1479,405,0,1124
ANDHRA PRADESH,SRI POTTI SRIRAMULU NELLORE,1614,689,622,303,981
ANDHRA PRADESH,SRI SATHYA SAI,938,879,40,19,717
ANDHRA PRADESH,SRIKAKULAM,4300,4157,135,8,2377
ANDHRA PRADESH,TIRUPATI,1719,802,689,228,952
ANDHRA PRADESH,VISAKHAPATNAM,8178,7688,460,30,3658
ANDHRA PRADESH,VIZIANAGARAM,3856,3695,158,3,2127
ANDHRA PRADESH,WARANGAL,1059,858,201,0,797
ANDHRA PRADESH,WEST GODAVARI,5935,5568,343,24,3453
ANDHRA PRADESH,Y. S. R,823,738,52,33,588
ARUNACHAL PRADESH,CHANGLANG,803,486,304,13,184
ARUNACHAL PRADESH,EAST KAMENG,181,88,79,14,67
ARUNACHAL PRADESH,TAWANG,154,104,43,7,85
ARUNACHAL PRADESH,WEST SIANG,192,110,80,2,99
ASSAM,BAJALI,29,19,8,2,28
ASSAM,SRIBHUMI,169,115,43,11,148
BIHAR,AURANGABAD,10170,3001,7096,73,1596
BIHAR,BUXAR,7240,2528,4648,64,1485
BIHAR,KHAGARIA,8196,4348,3779,69,936
BIHAR,KISHANGANJ,8764,6957,1782,25,520
BIHAR,MADHEPURA,9027,4571,4417,39,1032
BIHAR,ROHTAS,7939,2741,5120,78,1660
BIHAR,SHEOHAR,3262,2067,1184,11,361
BIHAR,SUPAUL,10411,5691,4563,157,1407
CHHATTISGARH,BASTAR,6608,4794,1808,6,589
CHHATTISGARH,BEMETARA,2771,2458,302,11,493
CHHATTISGARH,GARIYABAND,1542,1307,229,6,531
CHHATTISGARH,JASHPUR,2543,1666,875,2,710
CHHATTISGARH,KAWARDHA,2142,1884,257,1,242
CHHATTISGARH,KONDAGAON,3038,1975,1054,9,369
CHHATTISGARH,KORBA,3542,3040,489,13,891
CHHATTISGARH,MANENDRAGARH–CHIRMIRI–BHARATPUR,294,188,106,0,140
CHHATTISGARH,RAJNANDGAON,4185,3791,371,23,746
CHHATTISGARH,SAKTI,455,373,80,2,256
CHHATTISGARH,SARANGARH-BILAIGARH,186,159,24,3,131
CHHATTISGARH,SURAJPUR,2977,2250,720,7,574
CHHATTISGARH,SURGUJA,3556,2866,679,11,593
DADRA AND NAGAR HAVELI AND DAMAN AND DIU,DADRA AND NAGAR HAVELI,832,739,81,12,219
GOA,SOUTH GOA,977,805,108,64,637
GUJARAT,NARMADA,1280,1155,96,29,492
HARYANA,BHIWANI,3489,3321,152,16,1124
HARYANA,CHARKHI DADRI,858,839,19,0,408
HARYANA,FATEHABAD,2612,2510,92,10,573
HARYANA,JHAJJAR,2624,2515,99,10,808
HARYANA,JIND,3821,3729,92,0,674
HARYANA,KARNAL,4048,3861,179,8,831
HARYANA,MAHENDRAGARH,2754,2575,155,24,508
HARYANA,REWARI,2485,2329,150,6,681
HARYANA,SIRSA,3335,3135,198,2,738
HARYANA,YAMUNA NAGAR,3396,3278,110,8,726
HIMACHAL PRADESH,BILASPUR,999,985,14,0,634
HIMACHAL PRADESH,HAMIRPUR,1198,1181,16,1,863
HIMACHAL PRADESH,KANGRA,3966,3869,75,22,2504
HIMACHAL PRADESH,MANDI,2514,2460,43,11,1507
HIMACHAL PRADESH,SIRMAUR,1584,1510,67,7,609
HIMACHAL PRADESH,SOLAN,1176,1105,65,6,647
HIMACHAL PRADESH,UNA,1247,1226,21,0,820
JAMMU AND KASHMIR,ANANTNAG,3350,2975,340,35,765
JAMMU AND KASHMIR,BADGAM,1865,1674,190,1,369
JAMMU AND KASHMIR,BANDIPORE,1639,1288,308,43,263
JAMMU AND KASHMIR,BUDGAM,859,793,51,15,304
JAMMU AND KASHMIR,KARGIL,526,386,139,1,248
JAMMU AND KASHMIR,KATHUA,2954,2635,310,9,813
JAMMU AND KASHMIR,KUPWARA,2875,2392,443,40,428
JAMMU AND KASHMIR,LEH,206,163,42,1,111
JAMMU AND KASHMIR,PULWAMA,1871,1738,118,15,464
JAMMU AND KASHMIR,RAJOURI,2674,2071,594,9,664
JAMMU AND KASHMIR,RAMBAN,1920,1317,597,6,289
JAMMU AND KASHMIR,REASI,1715,1136,570,9,362
JAMMU AND KASHMIR,SAMBA,588,532,47,9,281
JAMMU AND KASHMIR,SRINAGAR,3256,2851,270,135,1159
JAMMU AND KASHMIR,UDHAMPUR,2806,2446,349,11,737
JHARKHAND,BOKARO,5800,3505,2278,17,1482
JHARKHAND,GARHWA,6073,4523,1535,15,592
JHARKHAND,GARHWA *,381,314,67,0,138
JHARKHAND,HAZARIBAG,566,358,208,0,247
JHARKHAND,JAMTARA,4450,3160,1274,16,387
JHARKHAND,LATEHAR,2609,1675,923,11,502
JHARKHAND,PALAMAU,286,220,66,0,100
JHARKHAND,PALAMU,8606,6548,1994,64,985
JHARKHAND,PURBI SINGHBHUM,986,814,172,0,573
JHARKHAND,RAMGARH,2979,1902,1066,11,893
JHARKHAND,SAHEBGANJ,6321,3636,2670,15,724
JHARKHAND,SERAIKELA-KHARSAWAN,4250,2943,1277,30,1205
JHARKHAND,SIMDEGA,2079,1472,594,13,409
KARNATAKA,BAGALKOT,7142,6158,900,84,1883
KARNATAKA,BAGALKOT *,249,218,31,0,182
KARNATAKA,BALLARI,2781,2450,267,64,1199
KARNATAKA,BANGALORE,7016,5776,1236,4,3546
KARNATAKA,BELAGAVI,7805,7063,622,120,3695
KARNATAKA,BELGAUM,6743,5861,880,2,3363
KARNATAKA,BELLARY,4220,3623,596,1,1545
KARNATAKA,BIJAPUR,4231,3296,930,5,1780
KARNATAKA,CHAMARAJANAGAR,249,232,17,0,176
KARNATAKA,CHAMRAJANAGAR,2227,1988,216,23,800
KARNATAKA,CHAMRAJNAGAR,380,356,24,0,285
KARNATAKA,CHICKMAGALUR,1231,1129,102,0,802
KARNATAKA,CHIKKABALLAPUR,3152,2842,296,14,1031
KARNATAKA,CHIKKAMAGALURU,1151,1018,95,38,709
KARNATAKA,CHIKMAGALUR,154,145,9,0,127
KARNATAKA,CHITRADURGA,4413,4042,326,45,1568
KARNATAKA,DAKSHINA KANNADA,6505,5896,530,79,3050
KARNATAKA,DAVANAGERE,483,437,46,0,380
KARNATAKA,DAVANGERE,4813,4416,352,45,1673
KARNATAKA,DHARWAD,5103,4733,351,19,1729
KARNATAKA,GADAG,4457,4088,349,20,1167
KARNATAKA,GADAG *,145,135,10,0,105
KARNATAKA,GULBARGA,4356,3650,703,3,1685
KARNATAKA,HASSAN,2494,2333,142,19,1405
KARNATAKA,HAVERI,4242,3917,266,59,1369
KARNATAKA,KODAGU,1211,1095,75,41,646
KARNATAKA,KOLAR,4186,3841,314,31,1274
KARNATAKA,KOPPAL,5451,4752,650,49,1284
KARNATAKA,MANDYA,3594,3401,150,43,1612
KARNATAKA,MYSORE,3073,2857,214,2,1656
KARNATAKA,RAMANAGAR,2949,2559,379,11,832
KARNATAKA,SHIMOGA,2260,2111,149,0,1269
KARNATAKA,SHIVAMOGGA,2229,2004,182,43,1234
KARNATAKA,TUMAKURU,3000,2792,161,47,1679
KARNATAKA,TUMKUR,2942,2754,188,0,1701
KARNATAKA,UDUPI,3591,3338,210,43,1823
KARNATAKA,UTTARA KANNADA,3470,3219,221,30,1835
KARNATAKA,VIJAYANAGARA,2119,1822,241,56,963
KERALA,ALAPPUZHA,3559,2536,892,131,2436
KERALA,IDUKKI,1698,1399,271,28,1134
KERALA,KASARAGOD,3555,2695,798,62,1365
KERALA,KASARGOD,315,251,64,0,260
KERALA,KOTTAYAM,3321,2465,804,52,2307
KERALA,KOZHIKODE,6704,4587,1914,203,3249
KERALA,PALAKKAD,6724,5174,1381,169,3745
KERALA,PATHANAMTHITTA,1951,1398,480,73,1548
KERALA,WAYANAD,1516,1265,233,18,685
LADAKH,KARGIL,492,365,120,7,220
MADHYA PRADESH,AGAR MALWA,2537,2087,421,29,369
MADHYA PRADESH,ANUPPUR,3226,2864,349,13,684
MADHYA PRADESH,CHHINDWARA,8981,8308,625,48,1412
MADHYA PRADESH,DAMOH,6066,5081,938,47,754
MADHYA PRADESH,DINDORI,2659,2409,249,1,473
MADHYA PRADESH,HARDA,2134,1733,383,18,199
MADHYA PRADESH,MAIHAR,418,378,20,20,252
MADHYA PRADESH,MANDLA,4911,4645,261,5,901
MADHYA PRADESH,MANDSAUR,8276,7444,808,24,1132
MADHYA PRADESH,NARMADAPURAM,737,608,100,29,362
MADHYA PRADESH,NARSIMHAPUR,1189,966,223,0,489
MADHYA PRADESH,NEEMUCH,4964,4183,764,17,758
MADHYA PRADESH,NIWARI,142,117,16,9,110
MADHYA PRADESH,RAJGARH,8171,6542,1594,35,909
MADHYA PRADESH,RATLAM,7982,6427,1478,77,835
MADHYA PRADESH,REWA,10838,9346,1463,29,1847
MADHYA PRADESH,SEONI,6081,5558,513,10,976
MADHYA PRADESH,SHAHDOL,5297,4410,828,59,767
MADHYA PRADESH,SHAJAPUR,7025,5937,1070,18,1118
MADHYA PRADESH,SIDHI,6292,5606,671,15,575
MADHYA PRADESH,SINGRAULI,6550,5669,859,22,599
MADHYA PRADESH,TIKAMGARH,7242,5674,1539,29,1066
MADHYA PRADESH,UJJAIN,14308,12450,1763,95,1433
MADHYA PRADESH,WEST NIMAR,760,618,136,6,374
MAHARASHTRA,AHMED NAGAR,340,277,63,0,241
MAHARASHTRA,BHANDARA,1903,1842,55,6,794
MAHARASHTRA,BULDANA,1075,963,112,0,615
MAHARASHTRA,CHHATRAPATI SAMBHAJINAGAR,1010,411,365,234,524
MAHARASHTRA,GADCHIROLI,2374,2084,268,22,770
MAHARASHTRA,GONDIYA,2890,2780,104,6,618
MAHARASHTRA,JALNA,5590,4627,944,19,1133
MAHARASHTRA,KOLHAPUR,7480,6423,985,72,3101
MAHARASHTRA,MUMBAI CITY,2929,2314,449,166,1250
MAHARASHTRA,RAIGARH,5230,4414,815,1,1920
MAHARASHTRA,RATNAGIRI,2603,2352,219,32,1530
MAHARASHTRA,SINDHUDURG,1202,1121,59,22,819
MAHARASHTRA,WARDHA,1953,1859,89,5,692
MANIPUR,SENAPATI,1501,764,721,16,608
MANIPUR,TAMENGLONG,960,297,634,29,241
MIZORAM,AIZAWL,1059,762,236,61,485
ODISHA,ANGUL,3010,2583,413,14,1085
ANDAMAN AND NICOBAR ISLANDS,NICOBAR,75,64,11,0,38
ANDAMAN AND NICOBAR ISLANDS,SOUTH ANDAMAN,190,178,12,0,152
ANDHRA PRADESH,ADILABAD,1419,1137,281,1,870
ANDHRA PRADESH,ALLURI SITHARAMA RAJU,1255,1105,116,34,743
ANDHRA PRADESH,ANAKAPALLI,543,523,12,8,443
ANDHRA PRADESH,ANANTAPUR,4415,4089,326,0,2570
ANDHRA PRADESH,ANANTHAPUR,1994,1843,151,0,1421
ANDHRA PRADESH,ANANTHAPURAMU,3187,3018,159,10,1967
ANDHRA PRADESH,BAPATLA,492,421,55,16,414
ANDHRA PRADESH,CHITTOOR,8199,7497,659,43,3615
ANDHRA PRADESH,CUDDAPAH,5934,5519,413,2,2831
ANDHRA PRADESH,DR. B. R. AMBEDKAR KONASEEMA,665,618,30,17,561
ANDHRA PRADESH,EAST GODAVARI,7678,7161,507,10,4255
ANDHRA PRADESH,ELURU,629,568,45,16,524
ANDHRA PRADESH,GUNTUR,9729,8769,925,35,4145
ANDHRA PRADESH,HYDERABAD,4840,3831,1008,1,1876
ANDHRA PRADESH,KAKINADA,969,858,84,27,700
ANDHRA PRADESH,KARIMNAGAR,659,552,107,0,552
ANDHRA PRADESH,KHAMMAM,1133,869,264,0,833
ODISHA,ANUGUL,207,171,36,0,183
ODISHA,BALANGIR,5670,4582,1032,56,1814
ODISHA,BALESWAR,6018,4866,1148,4,2277
ODISHA,BARGARH,5239,4411,825,3,1402
ODISHA,BAUDH,175,142,33,0,125
ODISHA,BHADRAK,4891,3701,1176,14,1975
ODISHA,BOUDH,1424,1177,245,2,555
ODISHA,CUTTACK,5402,4305,1082,15,2556
ODISHA,DEBAGARH,883,783,95,5,285
ODISHA,DHENKANAL,3017,2466,543,8,1167
ODISHA,GAJAPATI,2002,1666,318,18,705
ODISHA,GANJAM,8116,7063,1044,9,3739
ODISHA,JAJPUR,2507,1991,467,49,1337
ODISHA,JAGATSINGHAPUR,3184,2852,308,24,1186
ODISHA,JAGATSINGHPUR,694,626,68,0,423
ODISHA,JAJAPUR,2608,2107,499,2,1413
ODISHA,KALAHANDI,4496,3361,1071,64,1331
ODISHA,KANDHAMAL,3081,2633,440,8,1070
ODISHA,KENDRAPARA,4015,3210,757,48,1633
ODISHA,KENDUJHAR,5426,4369,1042,15,1929
ODISHA,KHORDA,4317,3497,655,165,2021
ODISHA,KORAPUT,4502,3266,1190,46,1387
ODISHA,MALKANGIRI,2870,2373,493,4,541
ODISHA,MAYURBHANJ,8154,6258,1861,35,3092
ODISHA,NAYAGARH,2466,2172,283,11,1147
ODISHA,NUAPADA,2122,1703,417,2,469
ODISHA,PURI,3731,3153,574,4,1578
ODISHA,RAYAGADA,3226,2516,707,3,908
ODISHA,SAMBALPUR,2577,2255,321,1,1090
ODISHA,SONAPUR,1510,1288,221,1,481
ODISHA,SUBARNAPUR,405,345,60,0,250
ODISHA,SUNDARGARH,730,607,123,0,601
ODISHA,SUNDERGARH,4001,3341,641,19,1889
ODISHA,BALESHWAR,1229,978,251,0,957
PUDUCHERRY,PONDICHERRY,1087,1018,69,0,667
PUDUCHERRY,KARAIKAL,567,517,38,12,390
PUDUCHERRY,PUDUCHERRY,1330,1213,85,32,775
PUDUCHERRY,YANAM,33,30,3,0,27
PUNJAB,BARNALA,1013,926,79,8,419
PUNJAB,BATHINDA,2704,2388,298,18,799
PUNJAB,FARIDKOT,902,793,99,10,344
PUNJAB,FATEHGARH SAHIB,1048,891,144,13,453
PUNJAB,FEROZEPUR,1381,1262,114,5,605
PUNJAB,FIROZPUR,395,347,48,0,291
PUNJAB,JALANDHAR,4118,3314,732,72,1875
PUNJAB,MALERKOTLA,865,711,146,8,234
PUNJAB,MANSA,1124,998,107,19,449
PUNJAB,MUKTSAR,334,306,28,0,202
PUNJAB,PATHANKOT,1115,1033,67,15,425
PUNJAB,RUPNAGAR,1246,1140,93,13,674
PUNJAB,SHAHEED BHAGAT SINGH NAGAR,946,801,101,44,586
PUNJAB,SRI MUKTSAR SAHIB,1315,1157,150,8,542
RAJASTHAN,BANSWARA,7263,4203,3030,30,1051
RAJASTHAN,CHITTAURGARH,357,286,70,1,237
RAJASTHAN,DAUSA,6133,4277,1807,49,1474
RAJASTHAN,GANGANAGAR,5504,4186,1276,42,1311
RAJASTHAN,JHUNJHUNUN,7611,5749,1776,86,2419
RAJASTHAN,PRATAPGARH,3794,2643,1133,18,704
RAJASTHAN,RAJSAMAND,4512,3078,1405,29,1247
SIKKIM,EAST,370,215,153,2,236
SIKKIM,NORTH SIKKIM,62,45,17,0,47
SIKKIM,SOUTH,197,88,108,1,126
TAMIL NADU,ARIYALUR,2412,1927,405,80,1084
TAMIL NADU,DHARMAPURI,5739,4840,851,48,1644
TAMIL NADU,DINDIGUL,6083,4678,1393,12,2426
TAMIL NADU,ERODE,6017,4964,1045,8,2553
TAMIL NADU,KANNIYAKUMARI,2275,2139,135,1,1534
TAMIL NADU,KANYAKUMARI,2005,1896,92,17,1449
TAMIL NADU,KARUR,4019,3362,654,3,1535
TAMIL NADU,KRISHNAGIRI,5075,4157,910,8,1756
TAMIL NADU,MAYILADUTHURAI,502,437,64,1,421
TAMIL NADU,NAGAPATTINAM,4047,3315,732,0,2448
TAMIL NADU,NAMAKKAL,4872,4257,606,9,2160
TAMIL NADU,PERAMBALUR,2130,1898,232,0,1009
TAMIL NADU,RANIPET,111,97,13,1,96
TAMIL NADU,TENKASI,1268,1150,118,0,888
TAMIL NADU,THE NILGIRIS,1714,1279,430,5,1031
TAMIL NADU,THENI,3473,2908,563,2,1323
TAMIL NADU,THIRUVARUR,4165,3346,816,3,2338
TAMIL NADU,THOOTHUKKUDI,5319,4439,877,3,2574
TAMIL NADU,TIRUCHIRAPPALLI,9932,8396,1531,5,3769
TAMIL NADU,TIRUNELVELI,9675,8303,1370,2,4420
TAMIL NADU,TIRUPATTUR,1048,944,102,2,681
TAMIL NADU,TIRUPPUR,6192,5078,1109,5,2454
TAMIL NADU,TIRUVALLUR,11435,8712,2665,58,3694
TAMIL NADU,TIRUVANNAMALAI,7266,6556,677,33,3108
TAMIL NADU,VILLUPURAM,6772,5854,915,3,3226
TAMIL NADU,VILUPPURAM,5122,4341,781,0,2818
TAMIL NADU,VIRUDHUNAGAR,5407,4769,627,11,2180
TELANGANA,ADILABAD,2987,2517,467,3,1257
TELANGANA,HANUMAKONDA,1030,916,109,5,652
TELANGANA,JAGITIAL,1595,1488,98,9,788
TELANGANA,JANGOAN,1022,892,130,0,531
TELANGANA,JAYASHANKAR BHUPALPALLY,847,670,173,4,404
TELANGANA,JOGULAMBA GADWAL,1844,1543,299,2,485
TELANGANA,KAMAREDDY,2008,1862,144,2,867
TELANGANA,KARIMNAGAR,5808,5115,686,7,2778
TELANGANA,KHAMMAM,3888,2800,1079,9,1603
TELANGANA,KOMARAM BHEEM,1106,917,189,0,412
TELANGANA,MAHABUBABAD,1503,1249,253,1,677
TELANGANA,MAHABUBNAGAR,10168,7689,2463,16,3157
TELANGANA,MANCHERIAL,1094,924,169,1,638
TELANGANA,MEDAK,7544,6158,1379,7,3030
TELANGANA,MEDCHAL−MALKAJGIRI,535,445,88,2,327
TELANGANA,MULUGU,937,700,233,4,405
TELANGANA,NAGARKURNOOL,1361,1077,282,2,699
TELANGANA,NALGONDA,6661,5405,1246,10,2338
TELANGANA,NARAYANPET,1310,1082,224,4,526
TELANGANA,NIRMAL,1401,1292,106,3,550
TELANGANA,NIZAMABAD,6577,5985,583,9,2171
TELANGANA,PEDDAPALLI,588,513,72,3,402
TELANGANA,RAJANNA SIRCILLA,888,834,51,3,440
TELANGANA,SANGAREDDY,2703,2224,468,11,1127
TELANGANA,SIDDIPET,1876,1701,174,1,994
TELANGANA,SURYAPET,2042,1743,297,2,792
TELANGANA,VIKARABAD,2593,2085,506,2,879
TELANGANA,WANAPARTHY,1667,1266,401,0,590
TELANGANA,WARANGAL,2952,2462,490,0,1733
TELANGANA,WARANGAL RURAL,732,660,70,2,485
TELANGANA,WARANGAL URBAN,663,585,72,6,350
TELANGANA,YADADRI.,1586,1380,205,1,683
TRIPURA,KHOWAI,339,196,99,44,169
TRIPURA,SOUTH TRIPURA,2158,1348,804,6,642
UTTAR PRADESH,ALLAHABAD,13249,7254,5946,49,2626
UTTAR PRADESH,AMETHI,7197,3890,3251,56,1806
UTTAR PRADESH,AURAIYA,3733,2169,1547,17,886
UTTAR PRADESH,BALLIA,9976,4079,5860,37,2285
UTTAR PRADESH,BHADOHI,546,265,277,4,355
UTTAR PRADESH,CHITRAKOOT,5401,2951,2436,14,479
UTTAR PRADESH,FAIZABAD,6926,4052,2871,3,2011
UTTAR PRADESH,GHAZIPUR,11288,4323,6894,71,2400
UTTAR PRADESH,MAHOBA,3020,1979,1029,12,555
UTTAR PRADESH,MAU,7579,2590,4942,47,1346
UTTAR PRADESH,MIRZAPUR,7645,3536,4101,8,970
UTTAR PRADESH,PRATAPGARH,10308,5866,4386,56,2300
UTTAR PRADESH,RAE BARELI,9729,5812,3875,42,2297
UTTAR PRADESH,SANT KABIR NAGAR,6169,2789,3343,37,1117
UTTAR PRADESH,SANT RAVIDAS NAGAR,4420,1869,2547,4,843
UTTAR PRADESH,SONBHADRA,5034,2998,2023,13,982
UTTARAKHAND,ALMORA,1367,1228,131,8,800
UTTARAKHAND,BAGESHWAR,742,675,65,2,417
UTTARAKHAND,CHAMOLI,1090,1006,77,7,643
UTTARAKHAND,GARHWAL,56,52,4,0,45
UTTARAKHAND,PAURI GARHWAL,1856,1677,165,14,974
UTTARAKHAND,PITHORAGARH,1220,1065,146,9,681
UTTARAKHAND,RUDRAPRAYAG,956,874,82,0,454
UTTARAKHAND,TEHRI GARHWAL,2781,2444,324,13,954
UTTARAKHAND,UDHAM SINGH NAGAR,6095,5092,985,18,795
UTTARAKHAND,UTTARKASHI,1132,978,149,5,435
WEST BENGAL,BANKURA,11355,9083,2122,150,2841
WEST BENGAL,BARDDHAMAN,15836,12816,3006,14,5362
WEST BENGAL,BARDHAMAN,1776,1345,428,3,1190
WEST BENGAL,DARJILING,726,535,189,2,344
WEST BENGAL,EAST MIDNAPORE,2118,1796,318,4,1328
WEST BENGAL,HAORA,2862,1943,917,2,1379
WEST BENGAL,KOCH BIHAR,3348,2227,1111,10,1345
WEST BENGAL,MALDAH,1756,1190,566,0,791
WEST BENGAL,MURSHIDABAD,35911,31442,4383,86,4562
WEST BENGAL,NORTH TWENTY FOUR PARGANAS,1627,1226,399,2,1082
WEST BENGAL,PASCHIM BARDHAMAN,1276,865,318,93,943
WEST BENGAL,PASCHIM MEDINIPUR,18085,14240,3695,150,4162
WEST BENGAL,PURBA MEDINIPUR,14322,12954,1310,58,4146
WEST BENGAL,PURULIA,783,539,243,1,441
WEST BENGAL,PURULIYA,13219,9674,3412,133,2116
WEST BENGAL,SOUTH 24 PARGANAS,33542,25041,8197,304,4560
WEST BENGAL,SOUTH DINAJPUR,446,375,71,0,248
WEST BENGAL,SOUTH TWENTY FOUR PARGANAS,4107,2978,1125,4,1543
WEST BENGAL,WEST MIDNAPORE,2190,1647,540,3,1032
DELHI,NORTH EAST,1738,1328,408,2,207
ANDHRA PRADESH,NIZAMABAD,524,453,71,0,354
ANDHRA PRADESH,PARVATHIPURAM MANYAM,508,464,36,8,393
ARUNACHAL PRADESH,KURUNG KUMEY,75,19,44,12,34
ARUNACHAL PRADESH,LOHIT,166,102,63,1,83
ARUNACHAL PRADESH,LOWER DIBANG VALLEY,109,58,49,2,54
ARUNACHAL PRADESH,PAPUM PARE,447,201,241,5,239
ARUNACHAL PRADESH,UPPER SIANG,43,21,21,1,34
BIHAR,AURANGABAD(BH),113,49,64,0,88
BIHAR,PURBA CHAMPARAN,127,61,66,0,106
BIHAR,PURNEA,257,169,88,0,137
BIHAR,SHEIKHPURA,3199,1244,1934,21,430
CHHATTISGARH,BALOD,1678,1603,71,4,493
CHHATTISGARH,DHAMTARI,1968,1876,89,3,482
CHHATTISGARH,GAURELA-PENDRA-MARWAHI,140,115,20,5,86
CHHATTISGARH,JANJGIR-CHAMPA,4639,4066,572,1,1097
CHHATTISGARH,KABEERDHAM,955,860,92,3,202
CHHATTISGARH,KANKER,1705,1426,277,2,601
CHHATTISGARH,KHAIRAGARH CHHUIKHADAN GANDAI,246,183,63,0,128
CHHATTISGARH,KORIYA,1763,1258,504,1,487
CHHATTISGARH,MAHASAMUND,3361,2773,563,25,461
CHHATTISGARH,MOHLA-MANPUR-AMBAGARH CHOUKI,259,162,93,4,134
CHHATTISGARH,MUNGELI,2957,2600,355,2,352
CHHATTISGARH,NARAYANPUR,762,448,306,8,70
HARYANA,PALWAL,4703,4367,332,4,408
HIMACHAL PRADESH,CHAMBA,1657,1586,64,7,799
HIMACHAL PRADESH,SHIMLA,1670,1488,161,21,1091
JAMMU AND KASHMIR,GANDERBAL,843,773,59,11,237
JHARKHAND,KODARMA,310,184,126,0,148
JHARKHAND,PAKAUR,297,197,100,0,110
JHARKHAND,SAHIBGANJ,365,187,178,0,106
KARNATAKA,HASAN,993,944,49,0,756
LAKSHADWEEP,LAKSHADWEEP,203,192,10,1,159
MADHYA PRADESH,HARDA *,610,503,107,0,206
MADHYA PRADESH,MAUGANJ,438,379,58,1,223
MADHYA PRADESH,UMARIA,5300,4360,906,34,480
MAHARASHTRA,CHATRAPATI SAMBHAJI NAGAR,211,114,81,16,70
MAHARASHTRA,MUMBAI( SUB URBAN ),419,340,79,0,340
MAHARASHTRA,NANDURBAR *,140,106,33,1,114
MANIPUR,IMPHAL EAST,1132,559,564,9,458
MANIPUR,THOUBAL,1067,423,638,6,353
MANIPUR,UKHRUL,781,343,424,14,189
MEGHALAYA,EASTERN WEST KHASI HILLS,818,3,226,589,57
MIZORAM,MAMIT,171,141,27,3,80
MIZORAM,SERCHHIP,102,80,16,6,58
ANDAMAN & NICOBAR ISLANDS,ANDAMANS,75,70,5,0,67
ANDAMAN & NICOBAR ISLANDS,SOUTH ANDAMAN,38,38,0,0,35
ANDAMAN AND NICOBAR ISLANDS,NORTH AND MIDDLE ANDAMAN,132,128,4,0,99
ANDHRA PRADESH,ANNAMAYYA,1021,868,48,105,701
ANDHRA PRADESH,K.V.RANGAREDDY,69,55,14,0,64
ANDHRA PRADESH,K.V. RANGAREDDY,19,15,4,0,18
ANDHRA PRADESH,KARIM NAGAR,82,71,11,0,68
TELANGANA,RANGAREDDY,300,237,61,2,170
UTTAR PRADESH,BULANDSHAHAR,185,115,70,0,136
UTTAR PRADESH,HAMIRPUR,3465,2040,1398,27,789
WEST BENGAL,HUGLI,194,148,46,0,181
WEST BENGAL,NORTH DINAJPUR,342,263,79,0,240
ODISHA,JHARSUGUDA,1182,1096,86,0,609
PUNJAB,FAZILKA,1911,1630,271,10,492
PUNJAB,MOGA,1535,1335,159,41,701
SIKKIM,NORTH,44,34,10,0,33
MANIPUR,CHANDEL,759,244,510,5,206
MANIPUR,KAKCHING,109,39,69,1,61
PUNJAB,S.A.S NAGAR(MOHALI),277,241,36,0,225
RAJASTHAN,JHUNJHUNU,311,210,101,0,241
SIKKIM,EAST SIKKIM,339,184,136,19,228
SIKKIM,WEST,208,92,111,5,112
ARUNACHAL PRADESH,LOWER SUBANSIRI,105,50,55,0,58
ARUNACHAL PRADESH,NAMSAI,150,95,54,1,87
BIHAR,SHEIKPURA,29,11,18,0,24
CHHATTISGARH,DAKSHIN BASTAR DANTEWADA,1224,1028,172,24,291
DADRA & NAGAR HAVELI,DADRA & NAGAR HAVELI,25,22,3,0,24
DADRA AND NAGAR HAVELI AND DAMAN AND DIU,DAMAN,121,96,16,9,82
HARYANA,PANCHKULA,1384,1287,92,5,582
JAMMU AND KASHMIR,KISHTWAR,1269,1058,205,6,190
JAMMU AND KASHMIR,SHUPIYAN,666,537,128,1,69
JHARKHAND,PASHCHIMI SINGHBHUM,599,346,252,1,174
MADHYA PRADESH,PANDHURNA,98,66,4,28,62
MAHARASHTRA,BID,568,439,129,0,346
MAHARASHTRA,GONDIYA *,57,53,4,0,49
UTTAR PRADESH,JYOTIBA PHULE NAGAR,84,61,23,0,66
UTTAR PRADESH,SANT RAVIDAS NAGAR BHADOHI,84,37,47,0,64
NAGALAND,MELURI,17,2,13,2,12
RAJASTHAN,DHAULPUR,139,93,46,0,78
ARUNACHAL PRADESH,ANJAW,37,23,11,3,20
ARUNACHAL PRADESH,EAST SIANG,168,80,86,2,77
ASSAM,TAMULPUR DISTRICT,55,22,33,0,49
CHHATTISGARH,DANTEWADA,710,584,126,0,194
JAMMU & KASHMIR,KARGIL,4,2,2,0,4
JHARKHAND,KODERMA,3222,2096,1114,12,498
KARNATAKA,CHAMARAJANAGAR *,23,23,0,0,23
MAHARASHTRA,DHARASHIV,144,89,28,27,125
MAHARASHTRA,GONDIA,29,25,4,0,28
TRIPURA,DHALAI *,32,28,4,0,19
JAMMU AND KASHMIR,KULGAM,1211,970,232,9,156
MANIPUR,JIRIBAM,145,53,91,1,69
MIZORAM,SAITUAL,12,2,3,7,8
ARUNACHAL PRADESH,KRA DAADI,81,18,59,4,38
ARUNACHAL PRADESH,UPPER SUBANSIRI,143,76,55,12,53
BIHAR,BHABUA,31,14,17,0,29
UTTARAKHAND,CHAMPAWAT,866,769,96,1,321
ARUNACHAL PRADESH,KAMLE,30,3,25,2,17
JAMMU & KASHMIR,BARAMULA,47,43,4,0,36
KARNATAKA,HAVERI *,117,111,6,0,92
MIZORAM,MAMMIT,79,71,8,0,59
NAGALAND,SHAMATOR,247,3,221,23,58
PUNJAB,NAWANSHAHR,192,169,23,0,157
TELANGANA,JANGAON,81,66,15,0,66
100000,100000,218,0,1,217,22
BIHAR,MONGHYR,49,29,20,0,42
CHHATTISGARH,UTTAR BASTAR KANKER,888,718,162,8,424
DELHI,SOUTH EAST DELHI,60,46,9,5,37
BIHAR,SAMSTIPUR,82,41,41,0,74
DAMAN & DIU,DIU,12,12,0,0,11
DELHI,NAJAFGARH,30,21,9,0,25
HIMACHAL PRADESH,KINNAUR,163,137,21,5,150
TAMIL NADU,TUTICORIN,2,1,1,0,2
TELANGANA,WARANGAL (URBAN),7,6,1,0,5
LADAKH,LEH,125,101,13,11,84
ARUNACHAL PRADESH,SIANG,103,39,60,4,45
ARUNACHAL PRADESH,TIRAP,99,59,39,1,63
SIKKIM,NAMCHI,24,3,7,14,22
UTTARAKHAND,HARDWAR,146,118,28,0,123
NAGALAND,NIULAND,31,14,15,2,22
ANDHRA PRADESH,MAHABUBNAGAR,7,7,0,0,7
ARUNACHAL PRADESH,SHI-YOMI,35,8,22,5,19
WEST BANGAL,HOWRAH,4,2,2,0,3
MIZORAM,KHAWZAWL,36,5,7,24,17
CHHATTISGARH,JANJGIR - CHAMPA,33,32,1,0,24
DADRA AND NAGAR HAVELI AND DAMAN AND DIU,DIU,84,72,8,4,69
HIMACHAL PRADESH,LAHUL AND SPITI,32,31,1,0,31
CHHATTISGARH,JANJGIR CHAMPA,25,21,4,0,25
MAHARASHTRA,WASHIM *,32,28,4,0,28
ANDAMAN & NICOBAR ISLANDS,NICOBARS,1,1,0,0,1
ARUNACHAL PRADESH,LOWER SIANG,31,10,18,3,24
HARYANA,YAMUNANAGAR,59,56,3,0,39
DAMAN & DIU,DAMAN,9,8,1,0,9
HIMACHAL PRADESH,LAHUL & SPITI,38,36,2,0,32
JAMMU & KASHMIR,JAMMU,62,52,10,0,60
HARYANA,JHAJJAR *,1,0,1,0,1
UTTAR PRADESH,RAEBARELI,3,0,3,0,2
WEST BENGAL,HAWRAH,6,3,3,0,5
WESTBENGAL,HOOGHLY,7,4,3,0,7
JAMMU & KASHMIR,SRINAGAR,3,2,1,0,3
KARNATAKA,BENGALURU SOUTH,203,15,183,5,83
MAHARASHTRA,RAIGARH(MH),88,72,16,0,66
TAMIL NADU,TIRUPATHUR,4,4,0,0,4
ARUNACHAL PRADESH,DIBANG VALLEY,10,7,3,0,9
RAJASTHAN,DEEG,69,14,43,12,43
ARUNACHAL PRADESH,LEPARADA,3,0,2,1,3
JAMMU & KASHMIR,ANANTNAG,4,3,1,0,4
TELANGANA,MEDCHAL?MALKAJGIRI,2,1,1,0,2
WEST BENGAL,MEDINIPUR,29,26,3,0,27
CHHATTISGARH,MOHALLA-MANPUR-AMBAGARH CHOWKI,14,10,4,0,12
NAGALAND,TSEMINYU,32,7,15,10,19
UTTAR PRADESH,MAHRAJGANJ,19,10,9,0,19
MIZORAM,HNAHTHIAL,2,2,0,0,2
JAMMU & KASHMIR,KATHUA,8,8,0,0,8
ARUNACHAL PRADESH,PAKKE KESSANG,4,2,1,1,4
CHANDIGARH,RUPNAGAR,3,3,0,0,3
UTTAR PRADESH,KUSHINAGAR *,6,5,1,0,6
TAMIL NADU,TIRUVARUR,1,1,0,0,1
JAMMU & KASHMIR,UDHAMPUR,2,2,0,0,2
WEST BENGAL,EAST MIDNAPUR,1,1,0,0,1
JAMMU & KASHMIR,KUPWARA,9,8,1,0,6
MAHARASHTRA,HINGOLI *,1,1,0,0,1
WEST BANGAL,HOOGHLY,6,5,1,0,6
DELHI,NORTH EAST *,2,2,0,0,1
GOA,BARDEZ,2,2,0,0,2
TAMIL NADU,NAMAKKAL *,1,0,1,0,1
WEST BENGAL,HOOGHIY,1,1,0,0,1
MANIPUR,PHERZAWL,11,1,10,0,6
MEGHALAYA,JAINTIA HILLS,4,4,0,0,4
JAMMU & KASHMIR,PULWAMA,4,4,0,0,4
WEST BENGAL,WEST MEDINIPUR,2,1,1,0,2
HIMACHAL PRADESH,LAHAUL AND SPITI,3,3,0,0,3
WEST BENGAL,BURDWAN,2,2,0,0,1
JAMMU & KASHMIR,BANDIPUR,2,2,0,0,2
SIKKIM,MANGAN,3,0,2,1,3
JAMMU & KASHMIR,LEH (LADAKH),3,3,0,0,3
JHARKHAND,BOKARO *,2,2,0,0,2
WEST BENGAL,SOUTH 24 PARGANA,2,1,1,0,2
MAHARASHTRA,AHILYANAGAR,13,12,1,0,12
ODISHA,ANUGAL,3,1,2,0,3
KARNATAKA,UDUPI *,2,2,0,0,2
ODISHA,KENDRAPARA *,1,1,0,0,1
JAMMU & KASHMIR,DODA,2,2,0,0,2
JAMMU & KASHMIR,RAJAURI,2,1,1,0,2
JAMMU & KASHMIR,BADGAM,2,0,2,0,2
KARNATAKA,BIJAPUR(KAR),3,3,0,0,2
UTTAR PRADESH,BAGPAT,1,0,1,0,1
RAJASTHAN,BALOTRA,1,1,0,0,1
JAMMU & KASHMIR,PUNCH,1,1,0,0,1
RAJASTHAN,DIDWANA-KUCHAMAN,2,2,0,0,2
RAJASTHAN,SALUMBAR,1,1,0,0,1
RAJASTHAN,BEAWAR,1,1,0,0,1
